INSERT INTO op_chofer (cho_cedula, cho_tipocedula, cho_ape1, cho_ape2, cho_nombre) VALUES
('V12345678', 'V', 'González', 'Pérez', 'Juan'),
('V87654321', 'V', 'Fernández', 'López', 'Carlos'),
('E23456789', 'E', 'Martínez', 'Rodríguez', 'Luis'),
('V34567890', 'V', 'Pérez', 'García', 'Miguel'),
('V45678901', 'V', 'Sánchez', 'Fernández', 'Andrés'),
('E56789012', 'E', 'Ramírez', 'Gómez', 'Jorge'),
('V67890123', 'V', 'Torres', 'Díaz', 'Fernando'),
('V78901234', 'V', 'Vargas', 'Molina', 'Ricardo'),
('E89012345', 'E', 'Mendoza', 'Cruz', 'Alejandro'),
('V90123456', 'V', 'Castro', 'Jiménez', 'José'),
('V12345679', 'V', 'Rojas', 'Ruiz', 'Francisco'),
('V23456780', 'V', 'Morales', 'Hernández', 'Enrique'),
('V34567891', 'V', 'Ortiz', 'Ramírez', 'Gustavo'),
('V45678902', 'V', 'Silva', 'Paredes', 'Héctor'),
('E56789013', 'E', 'Suárez', 'Rivera', 'Raúl'),
('V67890124', 'V', 'Blanco', 'Peña', 'Diego'),
('V78901235', 'V', 'Moreno', 'Reyes', 'Javier'),
('V89012346', 'V', 'Guzmán', 'Cabrera', 'Óscar'),
('E90123457', 'E', 'García', 'Castillo', 'Antonio'),
('V01234567', 'V', 'Navarro', 'Chávez', 'Edgar');

INSERT INTO op_tipocamion (cam_idTipoCamion, cam_Simb_Rodado, cam_Ejes, cam_Llantas, cam_PMA, cam_PSN) VALUES
('TC001', '4x2', 2, 6, 18000, 10000),
('TC002', '6x2', 3, 10, 24000, 15000),
('TC003', '6x4', 3, 10, 26000, 16000),
('TC004', '8x4', 4, 14, 32000, 20000),
('TC005', '4x4', 2, 8, 20000, 12000),
('TC006', '6x6', 3, 12, 28000, 18000),
('TC007', '8x6', 4, 14, 30000, 19000),
('TC008', '10x4', 5, 18, 36000, 22000),
('TC009', '12x4', 6, 22, 40000, 25000),
('TC010', '4x2', 2, 6, 16000, 9000),
('TC011', '6x2', 3, 10, 23000, 14000),
('TC012', '6x4', 3, 10, 25000, 15000),
('TC013', '8x4', 4, 14, 31000, 19500),
('TC014', '4x4', 2, 8, 19000, 11000),
('TC015', '6x6', 3, 12, 27000, 17500),
('TC016', '8x6', 4, 14, 29000, 18500),
('TC017', '10x4', 5, 18, 35000, 21500),
('TC018', '12x4', 6, 22, 39000, 24500),
('TC019', '4x2', 2, 6, 17000, 9500),
('TC020', '6x2', 3, 10, 22000, 13500);

INSERT INTO op_compa_transporte (ctr_id_transportista, ctr_tipo_id, ctr_codigo_dga, ctr_descripcion, ctr_num_pais) VALUES
('TRN001', 'V', 'DGA001', 'Transportes González S.A.', 'VEN'),
('TRN002', 'V', 'DGA002', 'Logística Fernández', 'COL'),
('TRN003', 'J', 'DGA003', 'Camiones Pérez C.A.', 'MEX'),
('TRN004', 'E', 'DGA004', 'Transporte Internacional Ramírez', 'USA'),
('TRN005', 'J', 'DGA005', 'Transportes Sánchez Ltda.', 'ARG'),
('TRN006', 'V', 'DGA006', 'Logística y Transporte Torres', 'CHL'),
('TRN007', 'J', 'DGA007', 'Distribuciones Vargas S.A.', 'PER'),
('TRN008', 'E', 'DGA008', 'Transporte Mendoza y Cía.', 'BRA'),
('TRN009', 'V', 'DGA009', 'Transportes Castro', 'URU'),
('TRN010', 'J', 'DGA010', 'Transporte Rojas Ltda.', 'ECU'),
('TRN011', 'E', 'DGA011', 'Logística Morales S.A.', 'GTM'),
('TRN012', 'V', 'DGA012', 'Transporte Ortiz C.A.', 'CRI'),
('TRN013', 'J', 'DGA013', 'Camiones Silva S.A.', 'PAN'),
('TRN014', 'E', 'DGA014', 'Transporte Suárez', 'CUB'),
('TRN015', 'V', 'DGA015', 'Distribuciones Blanco', 'BOL'),
('TRN016', 'J', 'DGA016', 'Logística Moreno Ltda.', 'PRY'),
('TRN017', 'E', 'DGA017', 'Transportes Guzmán', 'HND'),
('TRN018', 'V', 'DGA018', 'Transporte García C.A.', 'SLV'),
('TRN019', 'J', 'DGA019', 'Distribuciones Navarro', 'NIC'),
('TRN020', 'E', 'DGA020', 'Transporte Vega y Asociados', 'DOM');

INSERT INTO op_camion (cam_placa, cam_idtipocamion, cam_cedchofer, cam_tara, cam_compania_trans, cam_ced_compania_trans) VALUES
('ABC123', 'TC001', 'V12345678', 8000, 'VEN', 'TRN001'),
('DEF456', 'TC002', 'V87654321', 8500, 'COL', 'TRN002'),
('GHI789', 'TC003', 'E23456789', 9000, 'MEX', 'TRN003'),
('JKL012', 'TC004', 'V34567890', 9500, 'USA', 'TRN004'),
('MNO345', 'TC005', 'V45678901', 7800, 'ARG', 'TRN005'),
('PQR678', 'TC006', 'E56789012', 8300, 'CHL', 'TRN006'),
('STU901', 'TC007', 'V67890123', 8800, 'PER', 'TRN007'),
('VWX234', 'TC008', 'V78901234', 9200, 'BRA', 'TRN008'),
('YZA567', 'TC009', 'E89012345', 9700, 'URU', 'TRN009'),
('BCD890', 'TC010', 'V90123456', 7400, 'ECU', 'TRN010'),
('EFG123', 'TC011', 'V12345679', 7900, 'GTM', 'TRN011'),
('HIJ456', 'TC012', 'V23456780', 8400, 'CRI', 'TRN012'),
('KLM789', 'TC013', 'V34567891', 8900, 'PAN', 'TRN013'),
('NOP012', 'TC014', 'V45678902', 9300, 'CUB', 'TRN014'),
('QRS345', 'TC015', 'E56789013', 9800, 'BOL', 'TRN015'),
('TUV678', 'TC016', 'V67890124', 7600, 'PRY', 'TRN016'),
('WXY901', 'TC017', 'V78901235', 8100, 'HND', 'TRN017'),
('ZAB234', 'TC018', 'V89012346', 8600, 'SLV', 'TRN018'),
('CDE567', 'TC019', 'E90123457', 9100, 'NIC', 'TRN019'),
('FGH890', 'TC020', 'V01234567', 9600, 'DOM', 'TRN020');

INSERT INTO op_camionautorizado (aut_idServicio, aut_idCliente, aut_CedChofer, aut_Placa, aut_idTipoCamion) VALUES
('SRV001', 'CL001', 'V12345678', 'ABC123', 'TC001'),
('SRV002', 'CL002', 'V87654321', 'DEF456', 'TC002'),
('SRV003', 'CL003', 'E23456789', 'GHI789', 'TC003'),
('SRV004', 'CL004', 'V34567890', 'JKL012', 'TC004'),
('SRV005', 'CL005', 'V45678901', 'MNO345', 'TC005'),
('SRV006', 'CL006', 'E56789012', 'PQR678', 'TC006'),
('SRV007', 'CL007', 'V67890123', 'STU901', 'TC007'),
('SRV008', 'CL008', 'V78901234', 'VWX234', 'TC008'),
('SRV009', 'CL009', 'E89012345', 'YZA567', 'TC009'),
('SRV010', 'CL010', 'V90123456', 'BCD890', 'TC010'),
('SRV011', 'CL011', 'V12345679', 'EFG123', 'TC011'),
('SRV012', 'CL012', 'V23456780', 'HIJ456', 'TC012'),
('SRV013', 'CL013', 'V34567891', 'KLM789', 'TC013'),
('SRV014', 'CL014', 'V45678902', 'NOP012', 'TC014'),
('SRV015', 'CL015', 'E56789013', 'QRS345', 'TC015'),
('SRV016', 'CL016', 'V67890124', 'TUV678', 'TC016'),
('SRV017', 'CL017', 'V78901235', 'WXY901', 'TC017'),
('SRV018', 'CL018', 'V89012346', 'ZAB234', 'TC018'),
('SRV019', 'CL019', 'E90123457', 'CDE567', 'TC019'),
('SRV020', 'CL020', 'V01234567', 'FGH890', 'TC020');

INSERT INTO SGTemporal (lx_ServicioGranel, idTipoCarga, cho_cedula, cam_placa, fecha_hora, estado) VALUES
(1001, 1, 'V12345678', 'ABC123', '2024-08-01', 1),
(1002, 2, 'V87654321', 'DEF456', '2024-08-02', 1),
(1003, 3, 'E23456789', 'GHI789', '2024-08-03', 0),
(1004, 1, 'V34567890', 'JKL012', '2024-08-04', 1),
(1005, 2, 'V45678901', 'MNO345', '2024-08-05', 1),
(1006, 3, 'E56789012', 'PQR678', '2024-08-06', 0),
(1007, 1, 'V67890123', 'STU901', '2024-08-07', 1),
(1008, 2, 'V78901234', 'VWX234', '2024-08-08', 1),
(1009, 3, 'E89012345', 'YZA567', '2024-08-09', 0),
(1010, 1, 'V90123456', 'BCD890', '2024-08-10', 1),
(1011, 2, 'V12345679', 'EFG123', '2024-08-11', 1),
(1012, 3, 'V23456780', 'HIJ456', '2024-08-12', 0),
(1013, 1, 'V34567891', 'KLM789', '2024-08-13', 1),
(1014, 2, 'V45678902', 'NOP012', '2024-08-14', 1),
(1015, 3, 'E56789013', 'QRS345', '2024-08-15', 0),
(1016, 1, 'V67890124', 'TUV678', '2024-08-16', 1),
(1017, 2, 'V78901235', 'WXY901', '2024-08-17', 1),
(1018, 3, 'V89012346', 'ZAB234', '2024-08-18', 0),
(1019, 1, 'E90123457', 'CDE567', '2024-08-19', 1),
(1020, 2, 'V01234567', 'FGH890', '2024-08-20', 1);

INSERT INTO SGBitacora (fecha_hora, usuario, accion, tabla, registro) VALUES
('2024-08-21 10:15:00', 'usuario1', 'Insertar', 'op_camion', 1),
('2024-08-21 10:30:00', 'usuario2', 'Actualizar', 'op_camion', 2),
('2024-08-21 10:45:00', 'usuario3', 'Eliminar', 'SGTemporal', 3),
('2024-08-21 11:00:00', 'usuario4', 'Insertar', 'SGTemporal', 4),
('2024-08-21 11:15:00', 'usuario5', 'Actualizar', 'op_camionautorizado', 5),
('2024-08-21 11:30:00', 'usuario1', 'Eliminar', 'op_camionautorizado', 6),
('2024-08-21 11:45:00', 'usuario2', 'Insertar', 'op_camion', 7),
('2024-08-21 12:00:00', 'usuario3', 'Actualizar', 'SGTemporal', 8),
('2024-08-21 12:15:00', 'usuario4', 'Eliminar', 'op_camionautorizado', 9),
('2024-08-21 12:30:00', 'usuario5', 'Insertar', 'op_camion', 10),
('2024-08-21 12:45:00', 'usuario1', 'Actualizar', 'SGTemporal', 11),
('2024-08-21 13:00:00', 'usuario2', 'Eliminar', 'op_camionautorizado', 12),
('2024-08-21 13:15:00', 'usuario3', 'Insertar', 'op_camion', 13),
('2024-08-21 13:30:00', 'usuario4', 'Actualizar', 'SGTemporal', 14),
('2024-08-21 13:45:00', 'usuario5', 'Eliminar', 'op_camionautorizado', 15),
('2024-08-21 14:00:00', 'usuario1', 'Insertar', 'op_camion', 16),
('2024-08-21 14:15:00', 'usuario2', 'Actualizar', 'SGTemporal', 17),
('2024-08-21 14:30:00', 'usuario3', 'Eliminar', 'op_camionautorizado', 18),
('2024-08-21 14:45:00', 'usuario4', 'Insertar', 'op_camion', 19),
('2024-08-21 15:00:00', 'usuario5', 'Actualizar', 'SGTemporal', 20);

INSERT INTO SGEncabezado (Usuario, IxServicioGranel, IdTipoCarga, IdCliente, FechaHora, Estado) VALUES
('usuario1', 1001, 'TC01', 'Cliente001', '2024-08-21 08:00:00', 1),
('usuario2', 1002, 'TC02', 'Cliente002', '2024-08-21 09:00:00', 0),
('usuario3', 1003, 'TC03', 'Cliente003', '2024-08-21 10:00:00', 1),
('usuario4', 1004, 'TC04', 'Cliente004', '2024-08-21 11:00:00', 1),
('usuario5', 1005, 'TC05', 'Cliente005', '2024-08-21 12:00:00', 0),
('usuario1', 1006, 'TC06', 'Cliente006', '2024-08-21 13:00:00', 1),
('usuario2', 1007, 'TC07', 'Cliente007', '2024-08-21 14:00:00', 1),
('usuario3', 1008, 'TC08', 'Cliente008', '2024-08-21 15:00:00', 0),
('usuario4', 1009, 'TC09', 'Cliente009', '2024-08-21 16:00:00', 1),
('usuario5', 1010, 'TC10', 'Cliente010', '2024-08-21 17:00:00', 1);

INSERT INTO SGDetalle (lx_SGEncabezado, cam_placa, cho_cedula, ejes) VALUES
(1, 'ABC123', 'V12345678', 4),
(1, 'DEF456', 'V87654321', 6),
(2, 'GHI789', 'E23456789', 4),
(2, 'JKL012', 'V34567890', 6),
(3, 'MNO345', 'V45678901', 4),
(3, 'PQR678', 'E56789012', 6),
(4, 'STU901', 'V67890123', 4),
(4, 'VWX234', 'V78901234', 6),
(5, 'YZA567', 'E89012345', 4),
(5, 'BCD890', 'V90123456', 6);



INSERT INTO op_camion_chofer (cch_id_camion, cch_id_chofer) VALUES
('ABC123', 'V12345678'),
('DEF456', 'V87654321'),
('GHI789', 'E23456789'),
('JKL012', 'V34567890'),
('MNO345', 'E56789012'),
('PQR678', 'V67890123'),
('STU901', 'V78901234'),
('VWX234', 'E89012345'),
('YZA567', 'V90123456'),
('BCD890', 'V01234567'),
('EFG123', 'V45678901'),
('HIJ456', 'V89012346'),
('KLM789', 'E56789013'),
('NOP012', 'V12345679'),
('QRS345', 'V23456780');


SELECT cho_cedula FROM op_chofer;
